Planet,Longitude,Nakshatra,Padam,Nakshatra Lord,Full Degree,Latitude/Shara,Speed(deg/day),RightAscension,Declination/Kranti,DateTime
Lagna ,11°Kany07′ 59″, Hasta,1,Chandra,161.13,00°N00′ 00″,257.35,184.5,-1.95,1993-01-01 00:00:00
Surya ,16°Dhan44′ 07″, P Ashadha,2,Shukra,256.74,00°N00′ 00″,1.02,281.42,-23.02,1993-01-01 00:00:00
Chandra ,14°Meen09′ 01″, U Bhadrapada,4,Shani,344.15,05°N02′ 23″,12.0,5.27,7.77,1993-01-01 00:00:00
Mangal ,26°Mitu41′ 04″, Punarvasu,3,Guru,86.68,03°N52′ 23″,-0.39,112.76,25.71,1993-01-01 00:00:00
Budha ,03°Dhan39′ 12″, Mula,2,Ketu,243.65,00°S25′ 25″,1.51,267.18,-23.84,1993-01-01 00:00:00
Guru ,19°Kany42′ 42″, Hasta,3,Chandra,169.71,01°N18′ 12″,0.08,192.91,-4.12,1993-01-01 00:00:00
Shukra ,02°Kumb49′ 19″, Dhanishtha,3,Mangal,302.82,01°S33′ 09″,1.11,329.36,-14.11,1993-01-01 00:00:00
Shani ,22°Maka34′ 33″, Shravana,4,Chandra,292.58,01°S00′ 51″,0.11,319.12,-16.91,1993-01-01 00:00:00
Arun ,23°Dhan53′ 54″, P Ashadha,4,Shukra,263.9,00°S24′ 41″,0.06,289.2,-22.68,1993-01-01 00:00:00
Varun ,24°Dhan35′ 12″, P Ashadha,4,Shukra,264.59,00°N40′ 23″,0.04,289.78,-21.52,1993-01-01 00:00:00
Yam ,00°Vish57′ 10″, Vishakha,4,Guru,210.95,14°N12′ 46″,0.03,-124.21,-5.14,1993-01-01 00:00:00
Rahu ,26°Vish39′ 33″, Jyeshtha,3,Budha,236.66,00°N00′ 00″,-0.05,259.58,-23.09,1993-01-01 00:00:00
Ketu ,26°Vibh39′ 33″, Mrigashirsha,1,Mangal,56.66,00°N00′ 00″,-0.05,79.58,23.09,1993-01-01 00:00:00
Spashth Rahu ,27°Vish32′ 43″, Jyeshtha,4,Budha,237.55,00°N00′ 00″,-0.003,260.54,-23.15,1993-01-01 00:00:00
Spashth Ketu ,27°Vibh32′ 43″, Mrigashirsha,2,Mangal,57.55,00°N00′ 00″,-0.003,80.54,23.15,1993-01-01 00:00:00
Lagna ,07°Mitu31′ 32″, Ardra,1,Rahu,67.53,00°N00′ 00″,326.13,91.38,23.44,1991-01-01 16:30:00
Surya ,16°Dhan53′ 24″, P Ashadha,2,Shukra,256.89,00°S00′ 00″,1.02,281.56,-23.02,1991-01-01 16:30:00
Chandra ,27°Mitu57′ 01″, Punarvasu,3,Guru,87.95,00°N35′ 03″,14.96,113.54,22.27,1991-01-01 16:30:00
Mangal ,04°Vibh00′ 53″, Krittika,3,Surya,34.01,02°N20′ 35″,0.0,54.92,21.94,1991-01-01 16:30:00
Budha ,00°Dhan20′ 50″, Mula,1,Ketu,240.35,03°N07′ 47″,-0.35,263.71,-20.18,1991-01-01 16:30:00
Guru ,18°Kark11′ 22″, Ashlesha,1,Budha,108.19,00°N41′ 00″,-0.1,134.59,17.87,1991-01-01 16:30:00
Shukra ,01°Maka41′ 20″, U Ashadha,2,Surya,271.69,01°S17′ 50″,1.25,297.65,-22.33,1991-01-01 16:30:00
Shani ,01°Maka59′ 23″, U Ashadha,2,Surya,271.99,00°S08′ 36″,0.12,297.74,-21.14,1991-01-01 16:30:00
Arun ,16°Dhan01′ 32″, P Ashadha,1,Shukra,256.03,00°S19′ 09″,0.06,280.65,-23.4,1991-01-01 16:30:00
Varun ,20°Dhan24′ 00″, P Ashadha,3,Shukra,260.4,00°N47′ 25″,0.04,285.26,-21.91,1991-01-01 16:30:00
Yam ,26°Tula01′ 11″, Vishakha,2,Guru,206.02,14°N58′ 47″,0.03,-128.69,-3.22,1991-01-01 16:30:00
Rahu ,05°Maka21′ 43″, U Ashadha,3,Surya,275.36,00°N00′ 00″,-0.05,301.24,-20.34,1991-01-01 16:30:00
Ketu ,05°Kark21′ 43″, Pushya,1,Shani,95.36,00°N00′ 00″,-0.05,121.24,20.34,1991-01-01 16:30:00
Spashth Rahu ,04°Maka17′ 41″, U Ashadha,3,Surya,274.29,00°N00′ 00″,-0.01,300.13,-20.56,1991-01-01 16:30:00
Spashth Ketu ,04°Kark17′ 41″, Pushya,1,Shani,94.29,00°N00′ 00″,-0.01,120.13,20.56,1991-01-01 16:30:00
Lagna ,01°Kark48′ 31″, Punarvasu,4,Guru,91.81,00°N00′ 00″,268.52,117.52,21.03,1991-01-01 18:30:00
Surya ,16°Dhan58′ 30″, P Ashadha,2,Shukra,256.98,00°S00′ 00″,1.02,281.65,-23.01,1991-01-01 18:30:00
Chandra ,29°Mitu11′ 47″, Punarvasu,3,Guru,89.2,00°N28′ 11″,14.94,114.84,21.96,1991-01-01 18:30:00
Mangal ,04°Vibh00′ 53″, Krittika,3,Surya,34.01,02°N20′ 37″,0.001,54.92,21.94,1991-01-01 18:30:00
Budha ,00°Dhan19′ 06″, Mula,1,Ketu,240.32,03°N07′ 35″,-0.34,263.68,-20.18,1991-01-01 18:30:00
Guru ,18°Kark10′ 52″, Ashlesha,1,Budha,108.18,00°N41′ 01″,-0.1,134.58,17.87,1991-01-01 18:30:00
Shukra ,01°Maka47′ 36″, U Ashadha,2,Surya,271.79,01°S17′ 57″,1.25,297.76,-22.31,1991-01-01 18:30:00
Shani ,01°Maka59′ 58″, U Ashadha,2,Surya,272.0,00°S08′ 37″,0.12,297.75,-21.14,1991-01-01 18:30:00
Arun ,16°Dhan01′ 50″, P Ashadha,1,Shukra,256.03,00°S19′ 09″,0.06,280.65,-23.4,1991-01-01 18:30:00
Varun ,20°Dhan24′ 12″, P Ashadha,3,Shukra,260.4,00°N47′ 25″,0.04,285.27,-21.9,1991-01-01 18:30:00
Yam ,26°Tula01′ 20″, Vishakha,2,Guru,206.02,14°N58′ 48″,0.03,-128.68,-3.22,1991-01-01 18:30:00
Rahu ,05°Maka21′ 27″, U Ashadha,3,Surya,275.36,00°N00′ 00″,-0.05,301.24,-20.34,1991-01-01 18:30:00
Ketu ,05°Kark21′ 27″, Pushya,1,Shani,95.36,00°N00′ 00″,-0.05,121.24,20.34,1991-01-01 18:30:00
Spashth Rahu ,04°Maka17′ 40″, U Ashadha,3,Surya,274.29,00°N00′ 00″,-0.005,300.13,-20.56,1991-01-01 18:30:00
Spashth Ketu ,04°Kark17′ 40″, Pushya,1,Shani,94.29,00°N00′ 00″,-0.005,120.13,20.56,1991-01-01 18:30:00
Lagna ,14°Mitu05′ 03″, Ardra,3,Rahu,74.08,00°N00′ 00″,304.26,98.52,23.21,1991-01-01 17:00:00
Surya ,16°Dhan54′ 41″, P Ashadha,2,Shukra,256.91,00°S00′ 00″,1.02,281.58,-23.01,1991-01-01 17:00:00
Chandra ,28°Mitu15′ 43″, Punarvasu,3,Guru,88.26,00°N33′ 20″,14.96,113.86,22.19,1991-01-01 17:00:00
Mangal ,04°Vibh00′ 53″, Krittika,3,Surya,34.01,02°N20′ 36″,0.001,54.92,21.94,1991-01-01 17:00:00
Budha ,00°Dhan20′ 23″, Mula,1,Ketu,240.34,03°N07′ 44″,-0.35,263.7,-20.18,1991-01-01 17:00:00
Guru ,18°Kark11′ 15″, Ashlesha,1,Budha,108.19,00°N41′ 00″,-0.1,134.59,17.87,1991-01-01 17:00:00
Shukra ,01°Maka42′ 54″, U Ashadha,2,Surya,271.72,01°S17′ 52″,1.25,297.68,-22.33,1991-01-01 17:00:00
Shani ,01°Maka59′ 32″, U Ashadha,2,Surya,271.99,00°S08′ 37″,0.12,297.74,-21.14,1991-01-01 17:00:00
Arun ,16°Dhan01′ 36″, P Ashadha,1,Shukra,256.03,00°S19′ 09″,0.06,280.65,-23.4,1991-01-01 17:00:00
Varun ,20°Dhan24′ 03″, P Ashadha,3,Shukra,260.4,00°N47′ 25″,0.04,285.26,-21.9,1991-01-01 17:00:00
Yam ,26°Tula01′ 13″, Vishakha,2,Guru,206.02,14°N58′ 47″,0.03,-128.69,-3.22,1991-01-01 17:00:00
Rahu ,05°Maka21′ 39″, U Ashadha,3,Surya,275.36,00°N00′ 00″,-0.05,301.24,-20.34,1991-01-01 17:00:00
Ketu ,05°Kark21′ 39″, Pushya,1,Shani,95.36,00°N00′ 00″,-0.05,121.24,20.34,1991-01-01 17:00:00
Spashth Rahu ,04°Maka17′ 41″, U Ashadha,3,Surya,274.29,00°N00′ 00″,-0.01,300.13,-20.56,1991-01-01 17:00:00
Spashth Ketu ,04°Kark17′ 41″, Pushya,1,Shani,94.29,00°N00′ 00″,-0.01,120.13,20.56,1991-01-01 17:00:00
Lagna ,03°Vibh37′ 22″, Krittika,3,Surya,33.62,00°N00′ 00″,524.98,55.08,19.57,1991-01-01 14:30:00
Surya ,16°Dhan48′ 19″, P Ashadha,2,Shukra,256.81,00°S00′ 00″,1.02,281.47,-23.02,1991-01-01 14:30:00
Chandra ,26°Mitu42′ 07″, Punarvasu,3,Guru,86.7,00°N41′ 54″,14.99,112.22,22.58,1991-01-01 14:30:00
Mangal ,04°Vibh00′ 53″, Krittika,3,Surya,34.01,02°N20′ 33″,-0.001,54.92,21.94,1991-01-01 14:30:00
Budha ,00°Dhan22′ 38″, Mula,1,Ketu,240.38,03°N07′ 57″,-0.37,263.74,-20.18,1991-01-01 14:30:00
Guru ,18°Kark11′ 52″, Ashlesha,1,Budha,108.2,00°N40′ 59″,-0.1,134.6,17.87,1991-01-01 14:30:00
Shukra ,01°Maka35′ 04″, U Ashadha,2,Surya,271.58,01°S17′ 43″,1.25,297.54,-22.35,1991-01-01 14:30:00
Shani ,01°Maka58′ 48″, U Ashadha,2,Surya,271.98,00°S08′ 36″,0.12,297.73,-21.14,1991-01-01 14:30:00
Arun ,16°Dhan01′ 14″, P Ashadha,1,Shukra,256.02,00°S19′ 09″,0.06,280.64,-23.4,1991-01-01 14:30:00
Varun ,20°Dhan23′ 49″, P Ashadha,3,Shukra,260.4,00°N47′ 25″,0.04,285.26,-21.91,1991-01-01 14:30:00
Yam ,26°Tula01′ 03″, Vishakha,2,Guru,206.02,14°N58′ 45″,0.03,-128.69,-3.22,1991-01-01 14:30:00
Rahu ,05°Maka21′ 59″, U Ashadha,3,Surya,275.37,00°N00′ 00″,-0.05,301.25,-20.34,1991-01-01 14:30:00
Ketu ,05°Kark21′ 59″, Pushya,1,Shani,95.37,00°N00′ 00″,-0.05,121.25,20.34,1991-01-01 14:30:00
Spashth Rahu ,04°Maka17′ 44″, U Ashadha,3,Surya,274.3,00°N00′ 00″,-0.01,300.13,-20.56,1991-01-01 14:30:00
Spashth Ketu ,04°Kark17′ 44″, Pushya,1,Shani,94.3,00°N00′ 00″,-0.01,120.13,20.56,1991-01-01 14:30:00
Lagna ,12°Kark46′ 22″, Pushya,3,Shani,102.77,00°N00′ 00″,258.96,128.9,18.65,1991-01-01 19:30:00
Surya ,17°Dhan01′ 03″, P Ashadha,2,Shukra,257.02,00°S00′ 00″,1.02,281.7,-23.01,1991-01-01 19:30:00
Chandra ,29°Mitu49′ 07″, Punarvasu,3,Guru,89.82,00°N24′ 45″,14.93,115.49,21.79,1991-01-01 19:30:00
Mangal ,04°Vibh00′ 54″, Krittika,3,Surya,34.02,02°N20′ 38″,0.002,54.92,21.94,1991-01-01 19:30:00
Budha ,00°Dhan18′ 15″, Mula,1,Ketu,240.3,03°N07′ 30″,-0.33,263.66,-20.19,1991-01-01 19:30:00
Guru ,18°Kark10′ 38″, Ashlesha,1,Budha,108.18,00°N41′ 01″,-0.1,134.58,17.88,1991-01-01 19:30:00
Shukra ,01°Maka50′ 44″, U Ashadha,2,Surya,271.85,01°S18′ 01″,1.25,297.82,-22.31,1991-01-01 19:30:00
Shani ,02°Maka00′ 15″, U Ashadha,2,Surya,272.0,00°S08′ 37″,0.12,297.75,-21.14,1991-01-01 19:30:00
Arun ,16°Dhan01′ 59″, P Ashadha,1,Shukra,256.03,00°S19′ 09″,0.06,280.66,-23.4,1991-01-01 19:30:00
Varun ,20°Dhan24′ 17″, P Ashadha,3,Shukra,260.4,00°N47′ 25″,0.04,285.27,-21.9,1991-01-01 19:30:00
Yam ,26°Tula01′ 24″, Vishakha,2,Guru,206.02,14°N58′ 49″,0.03,-128.68,-3.22,1991-01-01 19:30:00
Rahu ,05°Maka21′ 19″, U Ashadha,3,Surya,275.36,00°N00′ 00″,-0.05,301.24,-20.34,1991-01-01 19:30:00
Ketu ,05°Kark21′ 19″, Pushya,1,Shani,95.36,00°N00′ 00″,-0.05,121.24,20.34,1991-01-01 19:30:00
Spashth Rahu ,04°Maka17′ 39″, U Ashadha,3,Surya,274.29,00°N00′ 00″,-0.004,300.13,-20.56,1991-01-01 19:30:00
Spashth Ketu ,04°Kark17′ 39″, Pushya,1,Shani,94.29,00°N00′ 00″,-0.004,120.13,20.56,1991-01-01 19:30:00
Lagna ,00°Mitu25′ 36″, Mrigashirsha,3,Mangal,60.43,00°N00′ 00″,356.03,83.64,23.31,1991-01-01 16:00:00
Surya ,16°Dhan52′ 08″, P Ashadha,2,Shukra,256.87,00°S00′ 00″,1.02,281.54,-23.02,1991-01-01 16:00:00
Chandra ,27°Mitu38′ 18″, Punarvasu,3,Guru,87.64,00°N36′ 46″,14.97,113.21,22.35,1991-01-01 16:00:00
Mangal ,04°Vibh00′ 53″, Krittika,3,Surya,34.01,02°N20′ 34″,0.0,54.92,21.94,1991-01-01 16:00:00
Budha ,00°Dhan21′ 16″, Mula,1,Ketu,240.35,03°N07′ 50″,-0.36,263.71,-20.18,1991-01-01 16:00:00
Guru ,18°Kark11′ 29″, Ashlesha,1,Budha,108.19,00°N41′ 00″,-0.1,134.59,17.87,1991-01-01 16:00:00
Shukra ,01°Maka39′ 46″, U Ashadha,2,Surya,271.66,01°S17′ 49″,1.25,297.62,-22.34,1991-01-01 16:00:00
Shani ,01°Maka59′ 14″, U Ashadha,2,Surya,271.99,00°S08′ 36″,0.12,297.74,-21.14,1991-01-01 16:00:00
Arun ,16°Dhan01′ 27″, P Ashadha,1,Shukra,256.02,00°S19′ 09″,0.06,280.65,-23.4,1991-01-01 16:00:00
Lagna ,07°Kark20′ 14″, Pushya,2,Shani,97.34,00°N00′ 00″,262.79,123.3,19.92,1991-01-01 19:00:00
Surya ,16°Dhan59′ 46″, P Ashadha,2,Shukra,257.0,00°S00′ 00″,1.02,281.67,-23.01,1991-01-01 19:00:00
Lagna ,26°Mitu07′ 56″, Punarvasu,2,Guru,86.13,00°N00′ 00″,276.76,111.5,21.97,1991-01-01 18:00:00
Varun ,20°Dhan23′ 58″, P Ashadha,3,Shukra,260.4,00°N47′ 25″,0.04,285.26,-21.91,1991-01-01 16:00:00
Yam ,26°Tula01′ 09″, Vishakha,2,Guru,206.02,14°N58′ 46″,0.03,-128.69,-3.22,1991-01-01 16:00:00
Rahu ,05°Maka21′ 47″, U Ashadha,3,Surya,275.36,00°N00′ 00″,-0.05,301.25,-20.34,1991-01-01 16:00:00
Ketu ,05°Kark21′ 47″, Pushya,1,Shani,95.36,00°N00′ 00″,-0.05,121.25,20.34,1991-01-01 16:00:00
Spashth Rahu ,04°Maka17′ 42″, U Ashadha,3,Surya,274.3,00°N00′ 00″,-0.01,300.13,-20.56,1991-01-01 16:00:00
Spashth Ketu ,04°Kark17′ 42″, Pushya,1,Shani,94.3,00°N00′ 00″,-0.01,120.13,20.56,1991-01-01 16:00:00
Chandra ,29°Mitu30′ 27″, Punarvasu,3,Guru,89.51,00°N26′ 28″,14.94,115.17,21.87,1991-01-01 19:00:00
Mangal ,04°Vibh00′ 54″, Krittika,3,Surya,34.02,02°N20′ 38″,0.002,54.92,21.94,1991-01-01 19:00:00
Budha ,00°Dhan18′ 40″, Mula,1,Ketu,240.31,03°N07′ 33″,-0.34,263.67,-20.18,1991-01-01 19:00:00
Guru ,18°Kark10′ 45″, Ashlesha,1,Budha,108.18,00°N41′ 01″,-0.1,134.58,17.88,1991-01-01 19:00:00
Shukra ,01°Maka49′ 10″, U Ashadha,2,Surya,271.82,01°S17′ 59″,1.25,297.79,-22.31,1991-01-01 19:00:00
Shani ,02°Maka00′ 07″, U Ashadha,2,Surya,272.0,00°S08′ 37″,0.12,297.75,-21.14,1991-01-01 19:00:00
Surya ,16°Dhan57′ 14″, P Ashadha,2,Shukra,256.95,00°S00′ 00″,1.02,281.63,-23.01,1991-01-01 18:00:00
Chandra ,28°Mitu53′ 06″, Punarvasu,3,Guru,88.89,00°N29′ 54″,14.95,114.52,22.03,1991-01-01 18:00:00
Mangal ,04°Vibh00′ 53″, Krittika,3,Surya,34.01,02°N20′ 37″,0.001,54.92,21.94,1991-01-01 18:00:00
Budha ,00°Dhan19′ 31″, Mula,1,Ketu,240.33,03°N07′ 38″,-0.34,263.68,-20.18,1991-01-01 18:00:00
Guru ,18°Kark11′ 00″, Ashlesha,1,Budha,108.18,00°N41′ 01″,-0.1,134.58,17.87,1991-01-01 18:00:00
Shukra ,01°Maka46′ 02″, U Ashadha,2,Surya,271.77,01°S17′ 56″,1.25,297.73,-22.32,1991-01-01 18:00:00
Shani ,01°Maka59′ 49″, U Ashadha,2,Surya,272.0,00°S08′ 37″,0.12,297.75,-21.14,1991-01-01 18:00:00
Arun ,16°Dhan01′ 45″, P Ashadha,1,Shukra,256.03,00°S19′ 09″,0.06,280.65,-23.4,1991-01-01 18:00:00
Arun ,16°Dhan01′ 54″, P Ashadha,1,Shukra,256.03,00°S19′ 09″,0.06,280.66,-23.4,1991-01-01 19:00:00
Varun ,20°Dhan24′ 15″, P Ashadha,3,Shukra,260.4,00°N47′ 25″,0.04,285.27,-21.9,1991-01-01 19:00:00
Yam ,26°Tula01′ 22″, Vishakha,2,Guru,206.02,14°N58′ 49″,0.03,-128.68,-3.22,1991-01-01 19:00:00
Rahu ,05°Maka21′ 23″, U Ashadha,3,Surya,275.36,00°N00′ 00″,-0.05,301.24,-20.34,1991-01-01 19:00:00
Ketu ,05°Kark21′ 23″, Pushya,1,Shani,95.36,00°N00′ 00″,-0.05,121.24,20.34,1991-01-01 19:00:00
Spashth Rahu ,04°Maka17′ 39″, U Ashadha,3,Surya,274.29,00°N00′ 00″,-0.005,300.13,-20.56,1991-01-01 19:00:00
Spashth Ketu ,04°Kark17′ 39″, Pushya,1,Shani,94.29,00°N00′ 00″,-0.005,120.13,20.56,1991-01-01 19:00:00
Varun ,20°Dhan24′ 09″, P Ashadha,3,Shukra,260.4,00°N47′ 25″,0.04,285.27,-21.9,1991-01-01 18:00:00
Yam ,26°Tula01′ 18″, Vishakha,2,Guru,206.02,14°N58′ 48″,0.03,-128.68,-3.22,1991-01-01 18:00:00
Rahu ,05°Maka21′ 31″, U Ashadha,3,Surya,275.36,00°N00′ 00″,-0.05,301.24,-20.34,1991-01-01 18:00:00
Ketu ,05°Kark21′ 31″, Pushya,1,Shani,95.36,00°N00′ 00″,-0.05,121.24,20.34,1991-01-01 18:00:00
Spashth Rahu ,04°Maka17′ 40″, U Ashadha,3,Surya,274.29,00°N00′ 00″,-0.01,300.13,-20.56,1991-01-01 18:00:00
Spashth Ketu ,04°Kark17′ 40″, Pushya,1,Shani,94.29,00°N00′ 00″,-0.01,120.13,20.56,1991-01-01 18:00:00
Lagna ,20°Mitu14′ 51″, Punarvasu,1,Guru,80.25,00°N00′ 00″,288.32,105.19,22.71,1991-01-01 17:30:00
Surya ,16°Dhan55′ 57″, P Ashadha,2,Shukra,256.93,00°S00′ 00″,1.02,281.61,-23.01,1991-01-01 17:30:00
Chandra ,28°Mitu34′ 24″, Punarvasu,3,Guru,88.57,00°N31′ 37″,14.95,114.19,22.11,1991-01-01 17:30:00
Mangal ,04°Vibh00′ 53″, Krittika,3,Surya,34.01,02°N20′ 36″,0.001,54.92,21.94,1991-01-01 17:30:00
Budha ,00°Dhan19′ 57″, Mula,1,Ketu,240.33,03°N07′ 41″,-0.35,263.69,-20.18,1991-01-01 17:30:00
Guru ,18°Kark11′ 07″, Ashlesha,1,Budha,108.19,00°N41′ 00″,-0.1,134.59,17.87,1991-01-01 17:30:00
Shukra ,01°Maka44′ 28″, U Ashadha,2,Surya,271.74,01°S17′ 54″,1.25,297.7,-22.32,1991-01-01 17:30:00
Shani ,01°Maka59′ 41″, U Ashadha,2,Surya,271.99,00°S08′ 37″,0.12,297.74,-21.14,1991-01-01 17:30:00
Arun ,16°Dhan01′ 41″, P Ashadha,1,Shukra,256.03,00°S19′ 09″,0.06,280.65,-23.4,1991-01-01 17:30:00
Varun ,20°Dhan24′ 06″, P Ashadha,3,Shukra,260.4,00°N47′ 25″,0.04,285.26,-21.9,1991-01-01 17:30:00
Yam ,26°Tula01′ 16″, Vishakha,2,Guru,206.02,14°N58′ 47″,0.03,-128.68,-3.22,1991-01-01 17:30:00
Rahu ,05°Maka21′ 35″, U Ashadha,3,Surya,275.36,00°N00′ 00″,-0.05,301.24,-20.34,1991-01-01 17:30:00
Ketu ,05°Kark21′ 35″, Pushya,1,Shani,95.36,00°N00′ 00″,-0.05,121.24,20.34,1991-01-01 17:30:00
Spashth Rahu ,04°Maka17′ 41″, U Ashadha,3,Surya,274.29,00°N00′ 00″,-0.01,300.13,-20.56,1991-01-01 17:30:00
Spashth Ketu ,04°Kark17′ 41″, Pushya,1,Shani,94.29,00°N00′ 00″,-0.01,120.13,20.56,1991-01-01 17:30:00
Lagna ,07°Mesh49′ 48″, Ashwini,3,Ketu,7.83,00°N00′ 00″,718.17,29.41,12.02,1991-01-01 13:30:00
Surya ,16°Dhan45′ 46″, P Ashadha,2,Shukra,256.76,00°S00′ 00″,1.02,281.42,-23.03,1991-01-01 13:30:00
Chandra ,26°Mitu04′ 39″, Punarvasu,2,Guru,86.08,00°N45′ 19″,15.0,111.56,22.73,1991-01-01 13:30:00
Mangal ,04°Vibh00′ 53″, Krittika,3,Surya,34.01,02°N20′ 31″,-0.001,54.92,21.94,1991-01-01 13:30:00
Budha ,00°Dhan23′ 34″, Mula,1,Ketu,240.39,03°N08′ 03″,-0.38,263.76,-20.18,1991-01-01 13:30:00
Guru ,18°Kark12′ 06″, Ashlesha,1,Budha,108.2,00°N40′ 58″,-0.1,134.6,17.87,1991-01-01 13:30:00
Shukra ,01°Maka31′ 56″, U Ashadha,2,Surya,271.53,01°S17′ 40″,1.25,297.48,-22.36,1991-01-01 13:30:00
Shani ,01°Maka58′ 31″, U Ashadha,2,Surya,271.98,00°S08′ 36″,0.12,297.72,-21.14,1991-01-01 13:30:00
Arun ,16°Dhan01′ 05″, P Ashadha,1,Shukra,256.02,00°S19′ 08″,0.06,280.64,-23.4,1991-01-01 13:30:00
Varun ,20°Dhan23′ 43″, P Ashadha,3,Shukra,260.4,00°N47′ 25″,0.04,285.26,-21.91,1991-01-01 13:30:00
Yam ,26°Tula00′ 58″, Vishakha,2,Guru,206.02,14°N58′ 44″,0.03,-128.69,-3.22,1991-01-01 13:30:00
Rahu ,05°Maka22′ 07″, U Ashadha,3,Surya,275.37,00°N00′ 00″,-0.05,301.25,-20.34,1991-01-01 13:30:00
Ketu ,05°Kark22′ 07″, Pushya,1,Shani,95.37,00°N00′ 00″,-0.05,121.25,20.34,1991-01-01 13:30:00
Spashth Rahu ,04°Maka17′ 45″, U Ashadha,3,Surya,274.3,00°N00′ 00″,-0.01,300.13,-20.56,1991-01-01 13:30:00
Spashth Ketu ,04°Kark17′ 45″, Pushya,1,Shani,94.3,00°N00′ 00″,-0.01,120.13,20.56,1991-01-01 13:30:00
Lagna ,22°Vibh36′ 16″, Rohini,4,Chandra,52.6,00°N00′ 00″,396.74,75.17,22.74,1991-01-01 15:30:00
Surya ,16°Dhan50′ 52″, P Ashadha,2,Shukra,256.85,00°S00′ 00″,1.02,281.51,-23.02,1991-01-01 15:30:00
Chandra ,27°Mitu19′ 35″, Punarvasu,3,Guru,87.33,00°N38′ 29″,14.98,112.88,22.43,1991-01-01 15:30:00
Mangal ,04°Vibh00′ 53″, Krittika,3,Surya,34.01,02°N20′ 34″,0.0,54.92,21.94,1991-01-01 15:30:00
Budha ,00°Dhan21′ 43″, Mula,1,Ketu,240.36,03°N07′ 52″,-0.36,263.72,-20.18,1991-01-01 15:30:00
Guru ,18°Kark11′ 37″, Ashlesha,1,Budha,108.19,00°N40′ 59″,-0.1,134.59,17.87,1991-01-01 15:30:00
Shukra ,01°Maka38′ 12″, U Ashadha,2,Surya,271.64,01°S17′ 47″,1.25,297.59,-22.34,1991-01-01 15:30:00
Shani ,01°Maka59′ 06″, U Ashadha,2,Surya,271.99,00°S08′ 36″,0.12,297.73,-21.14,1991-01-01 15:30:00
Lagna ,17°Kumb40′ 32″, Shatabhisha,4,Rahu,317.68,00°N00′ 00″,792.34,342.85,-7.28,1991-01-01 12:00:00
Surya ,16°Dhan41′ 57″, P Ashadha,2,Shukra,256.7,00°S00′ 00″,1.02,281.35,-23.03,1991-01-01 12:00:00
Arun ,16°Dhan01′ 23″, P Ashadha,1,Shukra,256.02,00°S19′ 09″,0.06,280.65,-23.4,1991-01-01 15:30:00
Varun ,20°Dhan23′ 55″, P Ashadha,3,Shukra,260.4,00°N47′ 25″,0.04,285.26,-21.91,1991-01-01 15:30:00
Yam ,26°Tula01′ 07″, Vishakha,2,Guru,206.02,14°N58′ 46″,0.03,-128.69,-3.22,1991-01-01 15:30:00
Rahu ,05°Maka21′ 51″, U Ashadha,3,Surya,275.36,00°N00′ 00″,-0.05,301.25,-20.34,1991-01-01 15:30:00
Ketu ,05°Kark21′ 51″, Pushya,1,Shani,95.36,00°N00′ 00″,-0.05,121.25,20.34,1991-01-01 15:30:00
Spashth Rahu ,04°Maka17′ 42″, U Ashadha,3,Surya,274.3,00°N00′ 00″,-0.01,300.13,-20.56,1991-01-01 15:30:00
Spashth Ketu ,04°Kark17′ 42″, Pushya,1,Shani,94.3,00°N00′ 00″,-0.01,120.13,20.56,1991-01-01 15:30:00
Chandra ,25°Mitu08′ 23″, Punarvasu,2,Guru,85.14,00°N50′ 27″,15.01,110.57,22.94,1991-01-01 12:00:00
Mangal ,04°Vibh00′ 54″, Krittika,3,Surya,34.02,02°N20′ 30″,-0.002,54.92,21.94,1991-01-01 12:00:00
Budha ,00°Dhan25′ 00″, Mula,1,Ketu,240.42,03°N08′ 10″,-0.39,263.78,-20.18,1991-01-01 12:00:00
Guru ,18°Kark12′ 28″, Ashlesha,1,Budha,108.21,00°N40′ 58″,-0.1,134.61,17.87,1991-01-01 12:00:00
Shukra ,01°Maka27′ 14″, U Ashadha,2,Surya,271.45,01°S17′ 34″,1.25,297.4,-22.37,1991-01-01 12:00:00
Shani ,01°Maka58′ 05″, U Ashadha,2,Surya,271.97,00°S08′ 36″,0.12,297.71,-21.15,1991-01-01 12:00:00
Arun ,16°Dhan00′ 51″, P Ashadha,1,Shukra,256.01,00°S19′ 08″,0.06,280.64,-23.4,1991-01-01 12:00:00
Varun ,20°Dhan23′ 35″, P Ashadha,3,Shukra,260.39,00°N47′ 25″,0.04,285.26,-21.91,1991-01-01 12:00:00
Lagna ,13°Vibh47′ 00″, Rohini,2,Chandra,43.78,00°N00′ 00″,451.88,65.72,21.57,1991-01-01 15:00:00
Yam ,26°Tula00′ 52″, Vishakha,2,Guru,206.01,14°N58′ 43″,0.03,-128.69,-3.22,1991-01-01 12:00:00
Rahu ,05°Maka22′ 19″, U Ashadha,3,Surya,275.37,00°N00′ 00″,-0.05,301.25,-20.34,1991-01-01 12:00:00
Ketu ,05°Kark22′ 19″, Pushya,1,Shani,95.37,00°N00′ 00″,-0.05,121.25,20.34,1991-01-01 12:00:00
Spashth Rahu ,04°Maka17′ 47″, U Ashadha,3,Surya,274.3,00°N00′ 00″,-0.01,300.13,-20.56,1991-01-01 12:00:00
Spashth Ketu ,04°Kark17′ 47″, Pushya,1,Shani,94.3,00°N00′ 00″,-0.01,120.13,20.56,1991-01-01 12:00:00
Surya ,16°Dhan49′ 35″, P Ashadha,2,Shukra,256.83,00°S00′ 00″,1.02,281.49,-23.02,1991-01-01 15:00:00
Chandra ,27°Mitu00′ 52″, Punarvasu,3,Guru,87.01,00°N40′ 11″,14.98,112.55,22.5,1991-01-01 15:00:00
Mangal ,04°Vibh00′ 53″, Krittika,3,Surya,34.01,02°N20′ 33″,-0.001,54.92,21.94,1991-01-01 15:00:00
Budha ,00°Dhan22′ 11″, Mula,1,Ketu,240.37,03°N07′ 55″,-0.36,263.73,-20.18,1991-01-01 15:00:00
Guru ,18°Kark11′ 44″, Ashlesha,1,Budha,108.2,00°N40′ 59″,-0.1,134.6,17.87,1991-01-01 15:00:00
Shukra ,01°Maka36′ 38″, U Ashadha,2,Surya,271.61,01°S17′ 45″,1.25,297.57,-22.34,1991-01-01 15:00:00
Shani ,01°Maka58′ 57″, U Ashadha,2,Surya,271.98,00°S08′ 36″,0.12,297.73,-21.14,1991-01-01 15:00:00
Lagna ,21°Meen53′ 45″, Revati,2,Budha,351.9,00°N00′ 00″,803.31,14.4,6.15,1991-01-01 13:00:00
Lagna ,04°Meen43′ 26″, U Bhadrapada,1,Shani,334.72,00°N00′ 00″,833.84,358.59,-0.61,1991-01-01 12:30:00
Arun ,16°Dhan01′ 18″, P Ashadha,1,Shukra,256.02,00°S19′ 09″,0.06,280.64,-23.4,1991-01-01 15:00:00
Varun ,20°Dhan23′ 52″, P Ashadha,3,Shukra,260.4,00°N47′ 25″,0.04,285.26,-21.91,1991-01-01 15:00:00
Yam ,26°Tula01′ 05″, Vishakha,2,Guru,206.02,14°N58′ 45″,0.03,-128.69,-3.22,1991-01-01 15:00:00
Rahu ,05°Maka21′ 55″, U Ashadha,3,Surya,275.37,00°N00′ 00″,-0.05,301.25,-20.34,1991-01-01 15:00:00
Ketu ,05°Kark21′ 55″, Pushya,1,Shani,95.37,00°N00′ 00″,-0.05,121.25,20.34,1991-01-01 15:00:00
Spashth Rahu ,04°Maka17′ 43″, U Ashadha,3,Surya,274.3,00°N00′ 00″,-0.01,300.13,-20.56,1991-01-01 15:00:00
Spashth Ketu ,04°Kark17′ 43″, Pushya,1,Shani,94.3,00°N00′ 00″,-0.01,120.13,20.56,1991-01-01 15:00:00
Surya ,16°Dhan44′ 29″, P Ashadha,2,Shukra,256.74,00°S00′ 00″,1.02,281.4,-23.03,1991-01-01 13:00:00
Chandra ,25°Mitu45′ 54″, Punarvasu,2,Guru,85.77,00°N47′ 02″,15.0,111.23,22.8,1991-01-01 13:00:00
Mangal ,04°Vibh00′ 53″, Krittika,3,Surya,34.01,02°N20′ 31″,-0.002,54.92,21.94,1991-01-01 13:00:00
Budha ,00°Dhan24′ 02″, Mula,1,Ketu,240.4,03°N08′ 05″,-0.38,263.76,-20.18,1991-01-01 13:00:00
Guru ,18°Kark12′ 14″, Ashlesha,1,Budha,108.2,00°N40′ 58″,-0.1,134.6,17.87,1991-01-01 13:00:00
Shukra ,01°Maka30′ 22″, U Ashadha,2,Surya,271.51,01°S17′ 38″,1.25,297.45,-22.36,1991-01-01 13:00:00
Shani ,01°Maka58′ 22″, U Ashadha,2,Surya,271.97,00°S08′ 36″,0.12,297.72,-21.14,1991-01-01 13:00:00
Surya ,16°Dhan43′ 13″, P Ashadha,2,Shukra,256.72,00°S00′ 00″,1.02,281.38,-23.03,1991-01-01 12:30:00
Chandra ,25°Mitu27′ 09″, Punarvasu,2,Guru,85.45,00°N48′ 44″,15.01,110.9,22.87,1991-01-01 12:30:00
Mangal ,04°Vibh00′ 54″, Krittika,3,Surya,34.02,02°N20′ 30″,-0.002,54.92,21.94,1991-01-01 12:30:00
Budha ,00°Dhan24′ 31″, Mula,1,Ketu,240.41,03°N08′ 07″,-0.38,263.77,-20.18,1991-01-01 12:30:00
Guru ,18°Kark12′ 21″, Ashlesha,1,Budha,108.21,00°N40′ 58″,-0.1,134.61,17.87,1991-01-01 12:30:00
Shukra ,01°Maka28′ 48″, U Ashadha,2,Surya,271.48,01°S17′ 36″,1.25,297.43,-22.37,1991-01-01 12:30:00
Shani ,01°Maka58′ 13″, U Ashadha,2,Surya,271.97,00°S08′ 36″,0.12,297.72,-21.15,1991-01-01 12:30:00
Lagna ,01°Tula26′ 45″, Chitra,3,Mangal,181.45,00°N00′ 00″,255.46,203.34,-9.75,1991-03-01 23:00:00
Arun ,16°Dhan01′ 00″, P Ashadha,1,Shukra,256.02,00°S19′ 08″,0.06,280.64,-23.4,1991-01-01 13:00:00
Varun ,20°Dhan23′ 40″, P Ashadha,3,Shukra,260.39,00°N47′ 25″,0.04,285.26,-21.91,1991-01-01 13:00:00
Yam ,26°Tula00′ 56″, Vishakha,2,Guru,206.02,14°N58′ 44″,0.03,-128.69,-3.22,1991-01-01 13:00:00
Rahu ,05°Maka22′ 11″, U Ashadha,3,Surya,275.37,00°N00′ 00″,-0.05,301.25,-20.34,1991-01-01 13:00:00
Ketu ,05°Kark22′ 11″, Pushya,1,Shani,95.37,00°N00′ 00″,-0.05,121.25,20.34,1991-01-01 13:00:00
Spashth Rahu ,04°Maka17′ 45″, U Ashadha,3,Surya,274.3,00°N00′ 00″,-0.01,300.13,-20.56,1991-01-01 13:00:00
Spashth Ketu ,04°Kark17′ 45″, Pushya,1,Shani,94.3,00°N00′ 00″,-0.01,120.13,20.56,1991-01-01 13:00:00
Arun ,16°Dhan00′ 56″, P Ashadha,1,Shukra,256.02,00°S19′ 08″,0.06,280.64,-23.4,1991-01-01 12:30:00
Varun ,20°Dhan23′ 38″, P Ashadha,3,Shukra,260.39,00°N47′ 25″,0.04,285.26,-21.91,1991-01-01 12:30:00
Yam ,26°Tula00′ 54″, Vishakha,2,Guru,206.02,14°N58′ 43″,0.03,-128.69,-3.22,1991-01-01 12:30:00
Rahu ,05°Maka22′ 15″, U Ashadha,3,Surya,275.37,00°N00′ 00″,-0.05,301.25,-20.34,1991-01-01 12:30:00
Ketu ,05°Kark22′ 15″, Pushya,1,Shani,95.37,00°N00′ 00″,-0.05,121.25,20.34,1991-01-01 12:30:00
Spashth Rahu ,04°Maka17′ 46″, U Ashadha,3,Surya,274.3,00°N00′ 00″,-0.01,300.13,-20.56,1991-01-01 12:30:00
Surya ,16°Kumb59′ 29″, Shatabhisha,4,Rahu,316.99,00°S00′ 00″,1.0,342.22,-7.54,1991-03-01 23:00:00
Chandra ,00°Kany35′ 30″, U Phalguni,2,Surya,150.59,04°S19′ 19″,13.6,173.09,-1.72,1991-03-01 23:00:00
Mangal ,20°Vibh19′ 20″, Rohini,4,Chandra,50.32,02°N09′ 55″,0.45,72.43,24.64,1991-03-01 23:00:00
Budha ,16°Kumb45′ 03″, Shatabhisha,4,Rahu,316.75,01°S48′ 31″,1.88,342.69,-9.31,1991-03-01 23:00:00
Guru ,11°Kark06′ 12″, Pushya,3,Shani,101.1,00°N47′ 29″,-0.09,127.39,19.82,1991-03-01 23:00:00
Shukra ,15°Meen26′ 06″, U Bhadrapada,4,Shani,345.44,00°S46′ 33″,1.23,8.74,2.92,1991-03-01 23:00:00
Shani ,08°Maka46′ 57″, U Ashadha,4,Surya,278.78,00°S13′ 07″,0.1,304.85,-19.81,1991-03-01 23:00:00
Spashth Ketu ,04°Kark17′ 46″, Pushya,1,Shani,94.3,00°N00′ 00″,-0.01,120.13,20.56,1991-01-01 12:30:00
Arun ,19°Dhan07′ 54″, P Ashadha,2,Shukra,259.13,00°S20′ 05″,0.04,284.02,-23.15,1991-03-01 23:00:00
Varun ,22°Dhan24′ 01″, P Ashadha,3,Shukra,262.4,00°N47′ 29″,0.02,287.41,-21.68,1991-03-01 23:00:00
Yam ,26°Tula46′ 01″, Vishakha,3,Guru,206.77,15°N24′ 39″,-0.005,-127.88,-2.99,1991-03-01 23:00:00
Rahu ,02°Maka13′ 16″, U Ashadha,2,Surya,272.22,00°N00′ 00″,-0.05,297.96,-20.96,1991-03-01 23:00:00
Ketu ,02°Kark13′ 16″, Punarvasu,4,Guru,92.22,00°N00′ 00″,-0.05,117.96,20.96,1991-03-01 23:00:00
Spashth Rahu ,03°Maka32′ 32″, U Ashadha,3,Surya,273.54,00°N00′ 00″,-0.12,299.34,-20.71,1991-03-01 23:00:00
Spashth Ketu ,03°Kark32′ 32″, Pushya,1,Shani,93.54,00°N00′ 00″,-0.12,119.34,20.71,1991-03-01 23:00:00
Lagna ,26°Kany07′ 03″, Chitra,1,Mangal,176.12,00°N00′ 00″,256.05,198.33,-7.77,1991-03-01 22:30:00
Surya ,16°Kumb58′ 14″, Shatabhisha,4,Rahu,316.97,00°S00′ 00″,1.0,342.2,-7.55,1991-03-01 22:30:00
Chandra ,00°Kany18′ 30″, U Phalguni,2,Surya,150.31,04°S18′ 29″,13.61,172.83,-1.59,1991-03-01 22:30:00
Mangal ,20°Vibh18′ 46″, Rohini,4,Chandra,50.31,02°N09′ 56″,0.45,72.42,24.64,1991-03-01 22:30:00
Budha ,16°Kumb42′ 42″, Shatabhisha,4,Rahu,316.71,01°S48′ 36″,1.88,342.65,-9.32,1991-03-01 22:30:00
Guru ,11°Kark06′ 18″, Pushya,3,Shani,101.11,00°N47′ 29″,-0.09,127.39,19.82,1991-03-01 22:30:00
Shukra ,15°Meen24′ 34″, U Bhadrapada,4,Shani,345.41,00°S46′ 36″,1.23,8.71,2.91,1991-03-01 22:30:00
Shani ,08°Maka46′ 50″, U Ashadha,4,Surya,278.78,00°S13′ 07″,0.1,304.85,-19.81,1991-03-01 22:30:00
Arun ,19°Dhan07′ 51″, P Ashadha,2,Shukra,259.13,00°S20′ 04″,0.04,284.02,-23.15,1991-03-01 22:30:00
Varun ,22°Dhan23′ 59″, P Ashadha,3,Shukra,262.4,00°N47′ 29″,0.03,287.4,-21.68,1991-03-01 22:30:00
Yam ,26°Tula46′ 01″, Vishakha,3,Guru,206.77,15°N24′ 39″,-0.005,-127.88,-2.99,1991-03-01 22:30:00
Rahu ,02°Maka13′ 20″, U Ashadha,2,Surya,272.22,00°N00′ 00″,-0.05,297.96,-20.96,1991-03-01 22:30:00
Ketu ,02°Kark13′ 20″, Punarvasu,4,Guru,92.22,00°N00′ 00″,-0.05,117.96,20.96,1991-03-01 22:30:00
Spashth Rahu ,03°Maka32′ 41″, U Ashadha,3,Surya,273.54,00°N00′ 00″,-0.12,299.35,-20.7,1991-03-01 22:30:00
Spashth Ketu ,03°Kark32′ 41″, Pushya,1,Shani,93.54,00°N00′ 00″,-0.12,119.35,20.7,1991-03-01 22:30:00
Lagna ,20°Kany46′ 26″, Hasta,4,Chandra,170.77,00°N00′ 00″,256.64,193.36,-5.72,1991-03-01 22:00:00
Surya ,16°Kumb56′ 58″, Shatabhisha,4,Rahu,316.95,00°S00′ 00″,1.0,342.18,-7.56,1991-03-01 22:00:00
Chandra ,00°Kany01′ 28″, U Phalguni,2,Surya,150.02,04°S17′ 39″,13.61,172.58,-1.47,1991-03-01 22:00:00
Mangal ,20°Vibh18′ 12″, Rohini,4,Chandra,50.3,02°N09′ 56″,0.45,72.41,24.64,1991-03-01 22:00:00
Budha ,16°Kumb40′ 21″, Shatabhisha,4,Rahu,316.67,01°S48′ 42″,1.88,342.61,-9.34,1991-03-01 22:00:00
Guru ,11°Kark06′ 25″, Pushya,3,Shani,101.11,00°N47′ 29″,-0.09,127.4,19.82,1991-03-01 22:00:00
Shukra ,15°Meen23′ 02″, U Bhadrapada,4,Shani,345.38,00°S46′ 39″,1.23,8.69,2.9,1991-03-01 22:00:00
Shani ,08°Maka46′ 42″, U Ashadha,4,Surya,278.78,00°S13′ 06″,0.1,304.85,-19.81,1991-03-01 22:00:00
Lagna ,15°Kany25′ 30″, Hasta,2,Chandra,165.43,00°N00′ 00″,257.11,188.42,-3.63,1991-03-01 21:30:00
Lagna ,21°Mesh45′ 03″, Bharani,3,Shukra,21.75,00°N00′ 00″,616.61,43.02,16.48,1991-01-01 14:00:00
Lagna ,10°Kany03′ 55″, Hasta,1,Chandra,160.07,00°N00′ 00″,257.39,183.49,-1.51,1991-03-01 21:00:00
Arun ,19°Dhan07′ 48″, P Ashadha,2,Shukra,259.13,00°S20′ 04″,0.04,284.02,-23.15,1991-03-01 22:00:00
Varun ,22°Dhan23′ 57″, P Ashadha,3,Shukra,262.4,00°N47′ 29″,0.03,287.4,-21.68,1991-03-01 22:00:00
Yam ,26°Tula46′ 02″, Vishakha,3,Guru,206.77,15°N24′ 38″,-0.005,-127.88,-2.99,1991-03-01 22:00:00
Rahu ,02°Maka13′ 24″, U Ashadha,2,Surya,272.22,00°N00′ 00″,-0.05,297.96,-20.96,1991-03-01 22:00:00
Ketu ,02°Kark13′ 24″, Punarvasu,4,Guru,92.22,00°N00′ 00″,-0.05,117.96,20.96,1991-03-01 22:00:00
Spashth Rahu ,03°Maka32′ 50″, U Ashadha,3,Surya,273.55,00°N00′ 00″,-0.12,299.35,-20.7,1991-03-01 22:00:00
Spashth Ketu ,03°Kark32′ 50″, Pushya,1,Shani,93.55,00°N00′ 00″,-0.12,119.35,20.7,1991-03-01 22:00:00
Surya ,16°Kumb55′ 43″, Shatabhisha,4,Rahu,316.93,00°S00′ 00″,1.0,342.16,-7.57,1991-03-01 21:30:00
Chandra ,29°Simh44′ 28″, U Phalguni,1,Surya,149.74,04°S16′ 48″,13.62,172.32,-1.34,1991-03-01 21:30:00
Mangal ,20°Vibh17′ 39″, Rohini,4,Chandra,50.29,02°N09′ 57″,0.45,72.4,24.64,1991-03-01 21:30:00
Budha ,16°Kumb38′ 01″, Shatabhisha,3,Rahu,316.63,01°S48′ 47″,1.88,342.58,-9.36,1991-03-01 21:30:00
Guru ,11°Kark06′ 31″, Pushya,3,Shani,101.11,00°N47′ 29″,-0.09,127.4,19.82,1991-03-01 21:30:00
Shukra ,15°Meen21′ 30″, U Bhadrapada,4,Shani,345.36,00°S46′ 42″,1.23,8.67,2.89,1991-03-01 21:30:00
Surya ,16°Dhan47′ 02″, P Ashadha,2,Shukra,256.78,00°S00′ 00″,1.02,281.44,-23.02,1991-01-01 14:00:00
Chandra ,26°Mitu23′ 24″, Punarvasu,2,Guru,86.39,00°N43′ 37″,14.99,111.89,22.65,1991-01-01 14:00:00
Mangal ,04°Vibh00′ 53″, Krittika,3,Surya,34.01,02°N20′ 32″,-0.001,54.92,21.94,1991-01-01 14:00:00
Budha ,00°Dhan23′ 06″, Mula,1,Ketu,240.39,03°N08′ 00″,-0.37,263.75,-20.18,1991-01-01 14:00:00
Guru ,18°Kark11′ 59″, Ashlesha,1,Budha,108.2,00°N40′ 59″,-0.1,134.6,17.87,1991-01-01 14:00:00
Surya ,16°Kumb54′ 28″, Shatabhisha,4,Rahu,316.91,00°S00′ 00″,1.0,342.14,-7.58,1991-03-01 21:00:00
Chandra ,29°Simh27′ 26″, U Phalguni,1,Surya,149.46,04°S15′ 57″,13.63,172.07,-1.22,1991-03-01 21:00:00
Mangal ,20°Vibh17′ 05″, Rohini,4,Chandra,50.28,02°N09′ 57″,0.45,72.39,24.64,1991-03-01 21:00:00
Budha ,16°Kumb35′ 40″, Shatabhisha,3,Rahu,316.59,01°S48′ 52″,1.88,342.54,-9.37,1991-03-01 21:00:00
Guru ,11°Kark06′ 38″, Pushya,3,Shani,101.11,00°N47′ 29″,-0.09,127.4,19.82,1991-03-01 21:00:00
Shukra ,15°Meen19′ 58″, U Bhadrapada,4,Shani,345.33,00°S46′ 45″,1.23,8.64,2.88,1991-03-01 21:00:00
Shani ,08°Maka46′ 27″, U Ashadha,4,Surya,278.77,00°S13′ 06″,0.1,304.84,-19.81,1991-03-01 21:00:00
Shani ,08°Maka46′ 34″, U Ashadha,4,Surya,278.78,00°S13′ 06″,0.1,304.85,-19.81,1991-03-01 21:30:00
Arun ,19°Dhan07′ 46″, P Ashadha,2,Shukra,259.13,00°S20′ 04″,0.04,284.02,-23.15,1991-03-01 21:30:00
Varun ,22°Dhan23′ 55″, P Ashadha,3,Shukra,262.4,00°N47′ 29″,0.03,287.4,-21.68,1991-03-01 21:30:00
Yam ,26°Tula46′ 02″, Vishakha,3,Guru,206.77,15°N24′ 37″,-0.005,-127.88,-2.99,1991-03-01 21:30:00
Rahu ,02°Maka13′ 28″, U Ashadha,2,Surya,272.22,00°N00′ 00″,-0.05,297.96,-20.96,1991-03-01 21:30:00
Ketu ,02°Kark13′ 28″, Punarvasu,4,Guru,92.22,00°N00′ 00″,-0.05,117.96,20.96,1991-03-01 21:30:00
Spashth Rahu ,03°Maka32′ 59″, U Ashadha,3,Surya,273.55,00°N00′ 00″,-0.12,299.35,-20.7,1991-03-01 21:30:00
Shukra ,01°Maka33′ 30″, U Ashadha,2,Surya,271.56,01°S17′ 41″,1.25,297.51,-22.35,1991-01-01 14:00:00
Shani ,01°Maka58′ 40″, U Ashadha,2,Surya,271.98,00°S08′ 36″,0.12,297.72,-21.14,1991-01-01 14:00:00
Arun ,16°Dhan01′ 09″, P Ashadha,1,Shukra,256.02,00°S19′ 08″,0.06,280.64,-23.4,1991-01-01 14:00:00
Varun ,20°Dhan23′ 46″, P Ashadha,3,Shukra,260.4,00°N47′ 25″,0.04,285.26,-21.91,1991-01-01 14:00:00
Yam ,26°Tula01′ 01″, Vishakha,2,Guru,206.02,14°N58′ 45″,0.03,-128.69,-3.22,1991-01-01 14:00:00
Arun ,19°Dhan07′ 43″, P Ashadha,2,Shukra,259.13,00°S20′ 04″,0.04,284.02,-23.15,1991-03-01 21:00:00
Lagna ,04°Kany41′ 56″, U Phalguni,3,Surya,154.7,00°N00′ 00″,257.44,178.57,0.62,1991-03-01 20:30:00
Lagna ,29°Simh20′ 25″, U Phalguni,1,Surya,149.34,00°N00′ 00″,257.26,173.65,2.75,1991-03-01 20:00:00
Spashth Ketu ,03°Kark32′ 59″, Pushya,1,Shani,93.55,00°N00′ 00″,-0.12,119.35,20.7,1991-03-01 21:30:00
Rahu ,05°Maka22′ 03″, U Ashadha,3,Surya,275.37,00°N00′ 00″,-0.05,301.25,-20.34,1991-01-01 14:00:00
Ketu ,05°Kark22′ 03″, Pushya,1,Shani,95.37,00°N00′ 00″,-0.05,121.25,20.34,1991-01-01 14:00:00
Spashth Rahu ,04°Maka17′ 44″, U Ashadha,3,Surya,274.3,00°N00′ 00″,-0.01,300.13,-20.56,1991-01-01 14:00:00
Spashth Ketu ,04°Kark17′ 44″, Pushya,1,Shani,94.3,00°N00′ 00″,-0.01,120.13,20.56,1991-01-01 14:00:00
Varun ,22°Dhan23′ 53″, P Ashadha,3,Shukra,262.4,00°N47′ 29″,0.03,287.4,-21.68,1991-03-01 21:00:00
Yam ,26°Tula46′ 02″, Vishakha,3,Guru,206.77,15°N24′ 37″,-0.005,-127.88,-2.99,1991-03-01 21:00:00
Rahu ,02°Maka13′ 32″, U Ashadha,2,Surya,272.23,00°N00′ 00″,-0.05,297.96,-20.96,1991-03-01 21:00:00
Ketu ,02°Kark13′ 32″, Punarvasu,4,Guru,92.23,00°N00′ 00″,-0.05,117.96,20.96,1991-03-01 21:00:00
Spashth Rahu ,03°Maka33′ 08″, U Ashadha,3,Surya,273.55,00°N00′ 00″,-0.12,299.35,-20.7,1991-03-01 21:00:00
Spashth Ketu ,03°Kark33′ 08″, Pushya,1,Shani,93.55,00°N00′ 00″,-0.12,119.35,20.7,1991-03-01 21:00:00
Surya ,16°Kumb53′ 13″, Shatabhisha,4,Rahu,316.89,00°S00′ 00″,1.0,342.12,-7.58,1991-03-01 20:30:00
Chandra ,29°Simh10′ 23″, U Phalguni,1,Surya,149.17,04°S15′ 05″,13.63,171.81,-1.09,1991-03-01 20:30:00
Mangal ,20°Vibh16′ 31″, Rohini,4,Chandra,50.28,02°N09′ 58″,0.45,72.38,24.64,1991-03-01 20:30:00
Budha ,16°Kumb33′ 19″, Shatabhisha,3,Rahu,316.56,01°S48′ 58″,1.88,342.51,-9.39,1991-03-01 20:30:00
Guru ,11°Kark06′ 44″, Pushya,3,Shani,101.11,00°N47′ 29″,-0.09,127.4,19.82,1991-03-01 20:30:00
Shukra ,15°Meen18′ 26″, U Bhadrapada,4,Shani,345.31,00°S46′ 48″,1.23,8.62,2.87,1991-03-01 20:30:00
Shani ,08°Maka46′ 19″, U Ashadha,4,Surya,278.77,00°S13′ 06″,0.1,304.84,-19.81,1991-03-01 20:30:00
Surya ,16°Kumb51′ 57″, Shatabhisha,4,Rahu,316.87,00°S00′ 00″,1.0,342.1,-7.59,1991-03-01 20:00:00
Chandra ,28°Simh53′ 21″, U Phalguni,1,Surya,148.89,04°S14′ 13″,13.64,171.56,-0.97,1991-03-01 20:00:00
Mangal ,20°Vibh15′ 57″, Rohini,4,Chandra,50.27,02°N09′ 59″,0.45,72.37,24.63,1991-03-01 20:00:00
Budha ,16°Kumb30′ 59″, Shatabhisha,3,Rahu,316.52,01°S49′ 03″,1.88,342.47,-9.41,1991-03-01 20:00:00
Guru ,11°Kark06′ 51″, Pushya,3,Shani,101.11,00°N47′ 29″,-0.09,127.4,19.82,1991-03-01 20:00:00
Shukra ,15°Meen16′ 54″, U Bhadrapada,4,Shani,345.28,00°S46′ 51″,1.23,8.6,2.86,1991-03-01 20:00:00
Shani ,08°Maka46′ 11″, U Ashadha,4,Surya,278.77,00°S13′ 06″,0.1,304.84,-19.81,1991-03-01 20:00:00
Arun ,19°Dhan07′ 37″, P Ashadha,2,Shukra,259.13,00°S20′ 04″,0.04,284.02,-23.15,1991-03-01 20:00:00
Arun ,19°Dhan07′ 40″, P Ashadha,2,Shukra,259.13,00°S20′ 04″,0.04,284.02,-23.15,1991-03-01 20:30:00
Varun ,22°Dhan23′ 52″, P Ashadha,3,Shukra,262.4,00°N47′ 29″,0.03,287.4,-21.68,1991-03-01 20:30:00
Yam ,26°Tula46′ 03″, Vishakha,3,Guru,206.77,15°N24′ 36″,-0.005,-127.88,-2.99,1991-03-01 20:30:00
Rahu ,02°Maka13′ 36″, U Ashadha,2,Surya,272.23,00°N00′ 00″,-0.05,297.96,-20.96,1991-03-01 20:30:00
Ketu ,02°Kark13′ 36″, Punarvasu,4,Guru,92.23,00°N00′ 00″,-0.05,117.96,20.96,1991-03-01 20:30:00
Spashth Rahu ,03°Maka33′ 18″, U Ashadha,3,Surya,273.56,00°N00′ 00″,-0.12,299.36,-20.7,1991-03-01 20:30:00
Varun ,22°Dhan23′ 50″, P Ashadha,3,Shukra,262.4,00°N47′ 29″,0.03,287.4,-21.68,1991-03-01 20:00:00
Yam ,26°Tula46′ 03″, Vishakha,3,Guru,206.77,15°N24′ 36″,-0.005,-127.88,-2.99,1991-03-01 20:00:00
Rahu ,02°Maka13′ 40″, U Ashadha,2,Surya,272.23,00°N00′ 00″,-0.05,297.96,-20.96,1991-03-01 20:00:00
Ketu ,02°Kark13′ 40″, Punarvasu,4,Guru,92.23,00°N00′ 00″,-0.05,117.96,20.96,1991-03-01 20:00:00
Spashth Rahu ,03°Maka33′ 27″, U Ashadha,3,Surya,273.56,00°N00′ 00″,-0.12,299.36,-20.7,1991-03-01 20:00:00
Spashth Ketu ,03°Kark33′ 27″, Pushya,1,Shani,93.56,00°N00′ 00″,-0.12,119.36,20.7,1991-03-01 20:00:00
Lagna ,06°Tula45′ 35″, Swati,1,Rahu,186.76,00°N00′ 00″,254.98,208.39,-11.65,1991-03-01 23:30:00
Spashth Ketu ,03°Kark33′ 18″, Pushya,1,Shani,93.56,00°N00′ 00″,-0.12,119.36,20.7,1991-03-01 20:30:00
Surya ,17°Kumb00′ 44″, Shatabhisha,4,Rahu,317.01,00°S00′ 00″,1.0,342.24,-7.54,1991-03-01 23:30:00
Chandra ,00°Kany52′ 29″, U Phalguni,2,Surya,150.87,04°S20′ 08″,13.59,173.34,-1.84,1991-03-01 23:30:00
Mangal ,20°Vibh19′ 54″, Rohini,4,Chandra,50.33,02°N09′ 55″,0.45,72.44,24.64,1991-03-01 23:30:00
Budha ,16°Kumb47′ 24″, Shatabhisha,4,Rahu,316.79,01°S48′ 26″,1.88,342.72,-9.29,1991-03-01 23:30:00
Guru ,11°Kark06′ 05″, Pushya,3,Shani,101.1,00°N47′ 29″,-0.09,127.39,19.82,1991-03-01 23:30:00
Shukra ,15°Meen27′ 38″, U Bhadrapada,4,Shani,345.46,00°S46′ 30″,1.23,8.76,2.93,1991-03-01 23:30:00
Shani ,08°Maka47′ 05″, U Ashadha,4,Surya,278.78,00°S13′ 07″,0.1,304.85,-19.81,1991-03-01 23:30:00
Lagna ,07°Simh59′ 03″, Magha,3,Ketu,127.98,00°N00′ 00″,255.17,153.73,10.86,1991-03-01 18:00:00
Surya ,16°Kumb46′ 57″, Shatabhisha,4,Rahu,316.78,00°S00′ 00″,1.0,342.02,-7.62,1991-03-01 18:00:00
Arun ,19°Dhan07′ 57″, P Ashadha,2,Shukra,259.13,00°S20′ 05″,0.04,284.02,-23.15,1991-03-01 23:30:00
Varun ,22°Dhan24′ 03″, P Ashadha,3,Shukra,262.4,00°N47′ 29″,0.02,287.41,-21.68,1991-03-01 23:30:00
Yam ,26°Tula46′ 01″, Vishakha,3,Guru,206.77,15°N24′ 40″,-0.005,-127.88,-2.99,1991-03-01 23:30:00
Rahu ,02°Maka13′ 12″, U Ashadha,2,Surya,272.22,00°N00′ 00″,-0.05,297.95,-20.96,1991-03-01 23:30:00
Ketu ,02°Kark13′ 12″, Punarvasu,4,Guru,92.22,00°N00′ 00″,-0.05,117.95,20.96,1991-03-01 23:30:00
Spashth Rahu ,03°Maka32′ 22″, U Ashadha,3,Surya,273.54,00°N00′ 00″,-0.12,299.34,-20.71,1991-03-01 23:30:00
Spashth Ketu ,03°Kark32′ 22″, Pushya,1,Shani,93.54,00°N00′ 00″,-0.12,119.34,20.71,1991-03-01 23:30:00
Chandra ,27°Simh45′ 05″, U Phalguni,1,Surya,147.75,04°S10′ 42″,13.67,170.54,-0.47,1991-03-01 18:00:00
Mangal ,20°Vibh13′ 42″, Rohini,4,Chandra,50.23,02°N10′ 01″,0.45,72.33,24.63,1991-03-01 18:00:00
Budha ,16°Kumb21′ 36″, Shatabhisha,3,Rahu,316.36,01°S49′ 24″,1.87,342.33,-9.47,1991-03-01 18:00:00
Guru ,11°Kark07′ 17″, Pushya,3,Shani,101.12,00°N47′ 29″,-0.09,127.41,19.82,1991-03-01 18:00:00
Shukra ,15°Meen10′ 46″, U Bhadrapada,4,Shani,345.18,00°S47′ 03″,1.23,8.5,2.82,1991-03-01 18:00:00
Shani ,08°Maka45′ 41″, U Ashadha,4,Surya,278.76,00°S13′ 06″,0.1,304.83,-19.82,1991-03-01 18:00:00
Arun ,19°Dhan07′ 25″, P Ashadha,2,Shukra,259.12,00°S20′ 04″,0.04,284.01,-23.15,1991-03-01 18:00:00
Varun ,22°Dhan23′ 42″, P Ashadha,3,Shukra,262.4,00°N47′ 29″,0.03,287.4,-21.68,1991-03-01 18:00:00
Lagna ,13°Simh18′ 19″, Magha,4,Ketu,133.31,00°N00′ 00″,255.71,158.77,8.93,1991-03-01 18:30:00
Lagna ,22°Kark02′ 50″, Ashlesha,2,Budha,112.05,00°N00′ 00″,255.57,138.25,16.11,1991-03-01 16:30:00
Yam ,26°Tula46′ 05″, Vishakha,3,Guru,206.77,15°N24′ 34″,-0.005,-127.87,-2.99,1991-03-01 18:00:00
Rahu ,02°Maka13′ 56″, U Ashadha,2,Surya,272.23,00°N00′ 00″,-0.05,297.97,-20.96,1991-03-01 18:00:00
Ketu ,02°Kark13′ 56″, Punarvasu,4,Guru,92.23,00°N00′ 00″,-0.05,117.97,20.96,1991-03-01 18:00:00
Spashth Rahu ,03°Maka34′ 03″, U Ashadha,3,Surya,273.57,00°N00′ 00″,-0.12,299.37,-20.7,1991-03-01 18:00:00
Spashth Ketu ,03°Kark34′ 03″, Pushya,1,Shani,93.57,00°N00′ 00″,-0.12,119.37,20.7,1991-03-01 18:00:00
Surya ,16°Kumb48′ 12″, Shatabhisha,4,Rahu,316.8,00°S00′ 00″,1.0,342.04,-7.61,1991-03-01 18:30:00
Chandra ,28°Simh02′ 10″, U Phalguni,1,Surya,148.04,04°S11′ 35″,13.66,170.79,-0.59,1991-03-01 18:30:00
Mangal ,20°Vibh14′ 16″, Rohini,4,Chandra,50.24,02°N10′ 00″,0.45,72.34,24.63,1991-03-01 18:30:00
Budha ,16°Kumb23′ 57″, Shatabhisha,3,Rahu,316.4,01°S49′ 19″,1.87,342.36,-9.45,1991-03-01 18:30:00
Guru ,11°Kark07′ 11″, Pushya,3,Shani,101.12,00°N47′ 29″,-0.09,127.41,19.82,1991-03-01 18:30:00
Shukra ,15°Meen12′ 18″, U Bhadrapada,4,Shani,345.21,00°S47′ 00″,1.23,8.53,2.83,1991-03-01 18:30:00
Shani ,08°Maka45′ 48″, U Ashadha,4,Surya,278.76,00°S13′ 06″,0.1,304.83,-19.82,1991-03-01 18:30:00
Surya ,16°Kumb43′ 11″, Shatabhisha,4,Rahu,316.72,00°S00′ 00″,1.0,341.96,-7.65,1991-03-01 16:30:00
Chandra ,26°Simh53′ 48″, U Phalguni,1,Surya,146.9,04°S07′ 59″,13.68,169.77,-0.09,1991-03-01 16:30:00
Mangal ,20°Vibh12′ 01″, Rohini,4,Chandra,50.2,02°N10′ 02″,0.45,72.3,24.63,1991-03-01 16:30:00
Budha ,16°Kumb14′ 35″, Shatabhisha,3,Rahu,316.24,01°S49′ 40″,1.87,342.22,-9.52,1991-03-01 16:30:00
Guru ,11°Kark07′ 37″, Pushya,3,Shani,101.13,00°N47′ 28″,-0.09,127.42,19.82,1991-03-01 16:30:00
Shukra ,15°Meen06′ 10″, U Bhadrapada,4,Shani,345.1,00°S47′ 12″,1.23,8.43,2.78,1991-03-01 16:30:00
Lagna ,02°Simh40′ 09″, Magha,1,Ketu,122.67,00°N00′ 00″,254.83,148.64,12.71,1991-03-01 17:30:00
Arun ,19°Dhan07′ 28″, P Ashadha,2,Shukra,259.12,00°S20′ 04″,0.04,284.01,-23.15,1991-03-01 18:30:00
Varun ,22°Dhan23′ 44″, P Ashadha,3,Shukra,262.4,00°N47′ 29″,0.03,287.4,-21.68,1991-03-01 18:30:00
Yam ,26°Tula46′ 04″, Vishakha,3,Guru,206.77,15°N24′ 34″,-0.005,-127.87,-2.99,1991-03-01 18:30:00
Rahu ,02°Maka13′ 52″, U Ashadha,2,Surya,272.23,00°N00′ 00″,-0.05,297.97,-20.96,1991-03-01 18:30:00
Ketu ,02°Kark13′ 52″, Punarvasu,4,Guru,92.23,00°N00′ 00″,-0.05,117.97,20.96,1991-03-01 18:30:00
Spashth Rahu ,03°Maka33′ 54″, U Ashadha,3,Surya,273.57,00°N00′ 00″,-0.12,299.37,-20.7,1991-03-01 18:30:00
Spashth Ketu ,03°Kark33′ 54″, Pushya,1,Shani,93.57,00°N00′ 00″,-0.12,119.37,20.7,1991-03-01 18:30:00
Shani ,08°Maka45′ 18″, U Ashadha,4,Surya,278.76,00°S13′ 05″,0.1,304.82,-19.82,1991-03-01 16:30:00
Arun ,19°Dhan07′ 17″, P Ashadha,2,Shukra,259.12,00°S20′ 04″,0.04,284.01,-23.15,1991-03-01 16:30:00
Varun ,22°Dhan23′ 37″, P Ashadha,3,Shukra,262.39,00°N47′ 29″,0.03,287.4,-21.68,1991-03-01 16:30:00
Surya ,16°Kumb45′ 41″, Shatabhisha,4,Rahu,316.76,00°S00′ 00″,1.0,342.0,-7.63,1991-03-01 17:30:00
Chandra ,27°Simh27′ 59″, U Phalguni,1,Surya,147.47,04°S09′ 48″,13.67,170.28,-0.34,1991-03-01 17:30:00
Lagna ,23°Simh59′ 04″, P Phalguni,4,Shukra,143.98,00°N00′ 00″,256.86,168.71,4.85,1991-03-01 19:30:00
Yam ,26°Tula46′ 06″, Vishakha,3,Guru,206.77,15°N24′ 32″,-0.005,-127.87,-2.99,1991-03-01 16:30:00
Rahu ,02°Maka14′ 08″, U Ashadha,2,Surya,272.24,00°N00′ 00″,-0.05,297.97,-20.95,1991-03-01 16:30:00
Ketu ,02°Kark14′ 08″, Punarvasu,4,Guru,92.24,00°N00′ 00″,-0.05,117.97,20.95,1991-03-01 16:30:00
Spashth Rahu ,03°Maka34′ 29″, U Ashadha,3,Surya,273.57,00°N00′ 00″,-0.12,299.38,-20.7,1991-03-01 16:30:00
Spashth Ketu ,03°Kark34′ 29″, Pushya,1,Shani,93.57,00°N00′ 00″,-0.12,119.38,20.7,1991-03-01 16:30:00
Mangal ,20°Vibh13′ 08″, Rohini,4,Chandra,50.22,02°N10′ 01″,0.45,72.32,24.63,1991-03-01 17:30:00
Budha ,16°Kumb19′ 16″, Shatabhisha,3,Rahu,316.32,01°S49′ 29″,1.87,342.29,-9.49,1991-03-01 17:30:00
Guru ,11°Kark07′ 24″, Pushya,3,Shani,101.12,00°N47′ 29″,-0.09,127.41,19.82,1991-03-01 17:30:00
Shukra ,15°Meen09′ 14″, U Bhadrapada,4,Shani,345.15,00°S47′ 06″,1.23,8.48,2.8,1991-03-01 17:30:00
Shani ,08°Maka45′ 33″, U Ashadha,4,Surya,278.76,00°S13′ 05″,0.1,304.83,-19.82,1991-03-01 17:30:00
Arun ,19°Dhan07′ 23″, P Ashadha,2,Shukra,259.12,00°S20′ 04″,0.04,284.01,-23.15,1991-03-01 17:30:00
Varun ,22°Dhan23′ 40″, P Ashadha,3,Shukra,262.39,00°N47′ 29″,0.03,287.4,-21.68,1991-03-01 17:30:00
Surya ,16°Kumb50′ 42″, Shatabhisha,4,Rahu,316.85,00°S00′ 00″,1.0,342.08,-7.6,1991-03-01 19:30:00
Chandra ,28°Simh36′ 18″, U Phalguni,1,Surya,148.61,04°S13′ 21″,13.65,171.3,-0.84,1991-03-01 19:30:00
Mangal ,20°Vibh15′ 23″, Rohini,4,Chandra,50.26,02°N09′ 59″,0.45,72.36,24.63,1991-03-01 19:30:00
Budha ,16°Kumb28′ 38″, Shatabhisha,3,Rahu,316.48,01°S49′ 08″,1.87,342.43,-9.42,1991-03-01 19:30:00
Guru ,11°Kark06′ 58″, Pushya,3,Shani,101.12,00°N47′ 29″,-0.09,127.41,19.82,1991-03-01 19:30:00
Shukra ,15°Meen15′ 22″, U Bhadrapada,4,Shani,345.26,00°S46′ 54″,1.23,8.57,2.85,1991-03-01 19:30:00
Shani ,08°Maka46′ 04″, U Ashadha,4,Surya,278.77,00°S13′ 06″,0.1,304.84,-19.81,1991-03-01 19:30:00
Lagna ,16°Kark42′ 19″, Ashlesha,1,Budha,106.71,00°N00′ 00″,257.11,132.9,17.62,1991-03-01 16:00:00
Lagna ,11°Kark19′ 32″, Pushya,3,Shani,101.33,00°N00′ 00″,259.83,127.42,19.0,1991-03-01 15:30:00
Yam ,26°Tula46′ 05″, Vishakha,3,Guru,206.77,15°N24′ 33″,-0.005,-127.87,-2.99,1991-03-01 17:30:00
Rahu ,02°Maka14′ 00″, U Ashadha,2,Surya,272.23,00°N00′ 00″,-0.05,297.97,-20.96,1991-03-01 17:30:00
Ketu ,02°Kark14′ 00″, Punarvasu,4,Guru,92.23,00°N00′ 00″,-0.05,117.97,20.96,1991-03-01 17:30:00
Spashth Rahu ,03°Maka34′ 12″, U Ashadha,3,Surya,273.57,00°N00′ 00″,-0.12,299.37,-20.7,1991-03-01 17:30:00
Spashth Ketu ,03°Kark34′ 12″, Pushya,1,Shani,93.57,00°N00′ 00″,-0.12,119.37,20.7,1991-03-01 17:30:00
Arun ,19°Dhan07′ 34″, P Ashadha,2,Shukra,259.13,00°S20′ 04″,0.04,284.02,-23.15,1991-03-01 19:30:00
Varun ,22°Dhan23′ 48″, P Ashadha,3,Shukra,262.4,00°N47′ 29″,0.03,287.4,-21.68,1991-03-01 19:30:00
Yam ,26°Tula46′ 04″, Vishakha,3,Guru,206.77,15°N24′ 35″,-0.005,-127.88,-2.99,1991-03-01 19:30:00
Rahu ,02°Maka13′ 44″, U Ashadha,2,Surya,272.23,00°N00′ 00″,-0.05,297.96,-20.96,1991-03-01 19:30:00
Ketu ,02°Kark13′ 44″, Punarvasu,4,Guru,92.23,00°N00′ 00″,-0.05,117.96,20.96,1991-03-01 19:30:00
Spashth Rahu ,03°Maka33′ 36″, U Ashadha,3,Surya,273.56,00°N00′ 00″,-0.12,299.36,-20.7,1991-03-01 19:30:00
Spashth Ketu ,03°Kark33′ 36″, Pushya,1,Shani,93.56,00°N00′ 00″,-0.12,119.36,20.7,1991-03-01 19:30:00
Surya ,16°Kumb41′ 55″, Shatabhisha,4,Rahu,316.7,00°S00′ 00″,1.0,341.94,-7.65,1991-03-01 16:00:00
Chandra ,26°Simh36′ 41″, P Phalguni,4,Shukra,146.61,04°S07′ 03″,13.69,169.52,0.04,1991-03-01 16:00:00
Mangal ,20°Vibh11′ 27″, Rohini,4,Chandra,50.19,02°N10′ 03″,0.45,72.29,24.63,1991-03-01 16:00:00
Budha ,16°Kumb12′ 14″, Shatabhisha,3,Rahu,316.2,01°S49′ 45″,1.87,342.18,-9.53,1991-03-01 16:00:00
Guru ,11°Kark07′ 44″, Pushya,3,Shani,101.13,00°N47′ 28″,-0.09,127.42,19.82,1991-03-01 16:00:00
Shukra ,15°Meen04′ 38″, U Bhadrapada,4,Shani,345.08,00°S47′ 15″,1.23,8.41,2.77,1991-03-01 16:00:00
Shani ,08°Maka45′ 10″, U Ashadha,4,Surya,278.75,00°S13′ 05″,0.1,304.82,-19.82,1991-03-01 16:00:00
Surya ,16°Kumb40′ 40″, Shatabhisha,4,Rahu,316.68,00°S00′ 00″,1.0,341.93,-7.66,1991-03-01 15:30:00
Chandra ,26°Simh19′ 34″, P Phalguni,4,Shukra,146.33,04°S06′ 08″,13.7,169.26,0.16,1991-03-01 15:30:00
Mangal ,20°Vibh10′ 53″, Rohini,4,Chandra,50.18,02°N10′ 04″,0.45,72.28,24.63,1991-03-01 15:30:00
Budha ,16°Kumb09′ 54″, Shatabhisha,3,Rahu,316.17,01°S49′ 50″,1.87,342.15,-9.55,1991-03-01 15:30:00
Guru ,11°Kark07′ 50″, Pushya,3,Shani,101.13,00°N47′ 28″,-0.09,127.42,19.82,1991-03-01 15:30:00
Shukra ,15°Meen03′ 06″, U Bhadrapada,4,Shani,345.05,00°S47′ 18″,1.23,8.39,2.76,1991-03-01 15:30:00
Lagna ,18°Simh38′ 09″, P Phalguni,2,Shukra,138.64,00°N00′ 00″,256.32,163.75,6.92,1991-03-01 19:00:00
Arun ,19°Dhan07′ 14″, P Ashadha,2,Shukra,259.12,00°S20′ 04″,0.04,284.01,-23.15,1991-03-01 16:00:00
Varun ,22°Dhan23′ 35″, P Ashadha,3,Shukra,262.39,00°N47′ 29″,0.03,287.4,-21.68,1991-03-01 16:00:00
Yam ,26°Tula46′ 06″, Vishakha,3,Guru,206.77,15°N24′ 31″,-0.005,-127.87,-2.99,1991-03-01 16:00:00
Rahu ,02°Maka14′ 12″, U Ashadha,2,Surya,272.24,00°N00′ 00″,-0.05,297.97,-20.95,1991-03-01 16:00:00
Ketu ,02°Kark14′ 12″, Punarvasu,4,Guru,92.24,00°N00′ 00″,-0.05,117.97,20.95,1991-03-01 16:00:00
Spashth Rahu ,03°Maka34′ 38″, U Ashadha,3,Surya,273.58,00°N00′ 00″,-0.12,299.38,-20.7,1991-03-01 16:00:00
Spashth Ketu ,03°Kark34′ 38″, Pushya,1,Shani,93.58,00°N00′ 00″,-0.12,119.38,20.7,1991-03-01 16:00:00
Shani ,08°Maka45′ 03″, U Ashadha,4,Surya,278.75,00°S13′ 05″,0.1,304.82,-19.82,1991-03-01 15:30:00
Arun ,19°Dhan07′ 11″, P Ashadha,2,Shukra,259.12,00°S20′ 04″,0.04,284.01,-23.15,1991-03-01 15:30:00
Varun ,22°Dhan23′ 33″, P Ashadha,3,Shukra,262.39,00°N47′ 29″,0.03,287.4,-21.68,1991-03-01 15:30:00
Yam ,26°Tula46′ 06″, Vishakha,3,Guru,206.77,15°N24′ 31″,-0.005,-127.87,-2.99,1991-03-01 15:30:00
Rahu ,02°Maka14′ 16″, U Ashadha,2,Surya,272.24,00°N00′ 00″,-0.05,297.97,-20.95,1991-03-01 15:30:00
Ketu ,02°Kark14′ 16″, Punarvasu,4,Guru,92.24,00°N00′ 00″,-0.05,117.97,20.95,1991-03-01 15:30:00
Spashth Rahu ,03°Maka34′ 47″, U Ashadha,3,Surya,273.58,00°N00′ 00″,-0.12,299.38,-20.7,1991-03-01 15:30:00
Surya ,16°Kumb49′ 27″, Shatabhisha,4,Rahu,316.82,00°S00′ 00″,1.0,342.06,-7.61,1991-03-01 19:00:00
Chandra ,28°Simh19′ 13″, U Phalguni,1,Surya,148.32,04°S12′ 28″,13.65,171.05,-0.72,1991-03-01 19:00:00
Mangal ,20°Vibh14′ 49″, Rohini,4,Chandra,50.25,02°N10′ 00″,0.45,72.35,24.63,1991-03-01 19:00:00
Budha ,16°Kumb26′ 17″, Shatabhisha,3,Rahu,316.44,01°S49′ 14″,1.87,342.4,-9.44,1991-03-01 19:00:00
Guru ,11°Kark07′ 04″, Pushya,3,Shani,101.12,00°N47′ 29″,-0.09,127.41,19.82,1991-03-01 19:00:00
Shukra ,15°Meen13′ 50″, U Bhadrapada,4,Shani,345.23,00°S46′ 57″,1.23,8.55,2.84,1991-03-01 19:00:00
Shani ,08°Maka45′ 56″, U Ashadha,4,Surya,278.77,00°S13′ 06″,0.1,304.83,-19.82,1991-03-01 19:00:00
Spashth Ketu ,03°Kark34′ 47″, Pushya,1,Shani,93.58,00°N00′ 00″,-0.12,119.38,20.7,1991-03-01 15:30:00
Arun ,19°Dhan07′ 31″, P Ashadha,2,Shukra,259.13,00°S20′ 04″,0.04,284.01,-23.15,1991-03-01 19:00:00
Varun ,22°Dhan23′ 46″, P Ashadha,3,Shukra,262.4,00°N47′ 29″,0.03,287.4,-21.68,1991-03-01 19:00:00
Yam ,26°Tula46′ 04″, Vishakha,3,Guru,206.77,15°N24′ 35″,-0.005,-127.87,-2.99,1991-03-01 19:00:00
Rahu ,02°Maka13′ 48″, U Ashadha,2,Surya,272.23,00°N00′ 00″,-0.05,297.96,-20.96,1991-03-01 19:00:00
Ketu ,02°Kark13′ 48″, Punarvasu,4,Guru,92.23,00°N00′ 00″,-0.05,117.96,20.96,1991-03-01 19:00:00
Spashth Rahu ,03°Maka33′ 45″, U Ashadha,3,Surya,273.56,00°N00′ 00″,-0.12,299.36,-20.7,1991-03-01 19:00:00
Spashth Ketu ,03°Kark33′ 45″, Pushya,1,Shani,93.56,00°N00′ 00″,-0.12,119.36,20.7,1991-03-01 19:00:00
